Date,Time,CO(GT),PT08.S1(CO),NMHC(GT),C6H6(GT),PT08.S2(NMHC),NOx(GT),PT08.S3(NOx),NO2(GT),PT08.S4(NO2),PT08.S5(O3),T,RH,AH
3/10/2004,18:00:00,2.6,1292,112,9.4,955,103,1174,92,1559,972,18.5,65.2,1.0411
3/10/2004,19:00:00,2,1402,88,9.0,939,131,1140,114,1555,1074,21.0,58.9,1.0746
3/10/2004,20:00:00,2.2,1376,80,9.2,948,172,1092,122,1584,1203,21.3,59.5,0.9974
3/10/2004,21:00:00,2.2,1272,51,6.5,836,131,1205,116,1490,1110,21.3,57.7,0.8997
3/10/2004,22:00:00,1.6,1197,38,4.7,750,89,1337,96,1393,949,21.3,56.1,0.9087
3/10/2004,23:00:00,1.2,1185,31,3.6,690,62,1462,77,1333,733,21.3,58.0,0.8881
3/11/2004,0:00:00,1.2,1136,31,3.3,672,62,1453,76,1333,730,20.2,58.4,0.8581
3/11/2004,1:00:00,1,1094,24,2.3,609,45,1579,60,1276,620,17.0,58.2,0.8446
3/11/2004,2:00:00,0.9,1010,19,1.7,561,-200,1705,-200,1235,501,15.6,59.9,0.8315
3/11/2004,3:00:00,0.6,1011,14,1.3,527,21,1818,34,1197,445,15.3,60.8,0.8224
3/11/2004,4:00:00,-200,1066,8,1.1,512,16,1918,28,1182,422,14.5,63.1,0.8164
3/11/2004,5:00:00,0.7,1052,16,1.6,553,34,1738,48,1221,472,13.9,60.1,0.8593
3/11/2004,6:00:00,0.7,1144,29,3.2,667,98,1490,82,1339,730,14.5,68.4,0.8652
3/11/2004,7:00:00,1.1,1333,64,8.0,900,174,1136,112,1517,1102,13.8,68.7,0.8630
3/11/2004,8:00:00,2,1351,87,9.5,960,129,1079,101,1583,1028,14.0,64.2,0.8394
3/11/2004,9:00:00,2.2,1233,77,6.3,827,112,1218,98,1446,860,13.0,58.1,0.8299
3/11/2004,10:00:00,1.7,1179,43,5.0,762,95,1328,92,1362,671,11.0,52.0,0.8325
3/11/2004,11:00:00,1.5,1236,61,5.2,774,104,1301,95,1401,664,10.1,50.8,0.8243
3/11/2004,12:00:00,1.6,1286,63,7.3,869,146,1162,112,1537,799,8.8,47.4,0.8273
3/11/2004,13:00:00,1.9,1371,164,11.5,1034,207,983,128,1730,1037,9.6,42.7,0.8455
3/11/2004,14:00:00,2.9,1310,79,8.8,933,184,1082,126,1647,946,9.8,38.1,0.8892
3/11/2004,15:00:00,2.2,1292,95,8.3,912,193,1103,131,1591,957,10.0,36.7,0.8693
3/11/2004,16:00:00,2.2,1383,150,11.2,1020,243,1008,135,1719,1104,11.2,40.5,0.8743
3/11/2004,17:00:00,2.9,1581,307,20.8,1319,281,799,151,2083,1409,12.0,41.8,0.8797
3/11/2004,18:00:00,4.8,1776,461,27.4,1488,383,702,172,2333,1704,12.8,42.8,0.8771
3/11/2004,19:00:00,6.9,1640,401,24.0,1404,351,743,165,2191,1654,13.1,46.8,-200
3/11/2004,20:00:00,6.1,1313,197,12.8,1076,240,957,136,1707,1285,13.8,47.0,-200
3/11/2004,21:00:00,3.9,965,61,4.7,749,94,1325,85,1333,821,16.0,49.6,-200
3/11/2004,22:00:00,1.5,913,26,2.6,629,47,1565,53,1252,552,14.1,54.1,0.7913
3/11/2004,23:00:00,1,1080,55,5.9,805,122,1254,97,1375,816,12.0,59.2,0.8814
3/12/2004,0:00:00,1.7,1044,53,6.4,829,133,1247,110,1378,832,13.6,62.2,0.8878
3/12/2004,1:00:00,1.9,988,40,4.1,718,82,1396,91,1304,692,13.7,61.4,0.8493
3/12/2004,2:00:00,1.4,889,21,1.9,574,-200,1680,-200,1187,512,11.7,64.6,0.8341
3/12/2004,3:00:00,0.8,831,10,1.1,506,21,1893,32,1134,384,11.5,63.2,0.8569
3/12/2004,4:00:00,-200,847,7,1.0,501,30,1895,44,1155,394,12.6,64.4,0.8757
3/12/2004,5:00:00,0.6,927,17,1.8,571,56,1685,71,1223,487,12.0,63.8,0.8701
3/12/2004,6:00:00,0.8,1091,33,4.4,730,109,1387,104,1361,748,11.0,65.8,0.8922
3/12/2004,7:00:00,1.4,1587,202,17.9,1236,307,897,141,1900,1400,11.1,65.6,0.9229
3/12/2004,8:00:00,4.4,1545,-200,22.1,1353,-200,767,-200,2058,1588,10.8,64.0,0.8869
3/12/2004,9:00:00,-200,1350,208,14.0,1118,187,912,122,1712,1237,11.3,55.6,0.8775
3/12/2004,10:00:00,3.1,1263,166,11.6,1037,216,969,143,1598,1167,10.6,46.8,0.9738
3/12/2004,11:00:00,2.7,1206,114,10.2,986,143,1035,113,1537,959,10.2,34.4,0.9671
3/12/2004,12:00:00,2.1,1252,140,11.0,1016,160,1008,116,1593,983,10.9,30.2,1.0254
3/12/2004,13:00:00,2.5,1287,169,12.8,1078,163,949,123,1660,1061,10.8,34.2,1.0221
3/12/2004,14:00:00,2.7,1353,185,14.2,1122,190,922,126,1740,1139,10.4,30.6,1.0136
3/12/2004,15:00:00,2.9,1309,165,12.7,1073,178,954,120,1657,1112,11.0,28.7,1.0013
3/12/2004,16:00:00,2.8,1274,133,11.7,1041,150,1006,119,1610,994,11.2,27.3,0.9855
3/12/2004,17:00:00,2.4,1510,233,19.3,1277,206,812,149,1910,1410,12.1,30.4,0.9322
3/12/2004,18:00:00,3.9,1525,242,18.2,1246,202,821,145,1847,1448,15.1,34.8,0.9001
3/12/2004,19:00:00,3.7,1843,488,32.6,1610,340,624,170,2390,1887,15.6,34.7,0.9371
3/12/2004,20:00:00,6.6,1598,333,20.1,1299,274,752,149,1941,1627,16.9,35.8,0.9101
3/12/2004,21:00:00,4.4,1484,215,14.3,1127,253,839,139,1723,1491,16.6,42.1,0.8288
3/12/2004,22:00:00,3.5,1677,367,21.8,1346,300,741,134,2062,1657,11.3,49.7,0.7792
3/12/2004,23:00:00,5.4,1280,122,9.6,964,193,963,113,1544,1285,9.6,54.3,0.9012
3/13/2004,0:00:00,2.7,1196,67,7.4,873,139,1071,97,1463,1144,11.7,54.2,0.9978
3/13/2004,1:00:00,1.9,1184,43,5.4,782,83,1176,82,1365,1043,10.7,57.6,0.9483
3/13/2004,2:00:00,1.6,1172,46,5.4,783,-200,1179,-200,1380,996,10.7,58.8,0.9074
3/13/2004,3:00:00,1.7,1147,56,6.2,821,109,1132,83,1412,992,10.8,62.3,0.9467
3/13/2004,4:00:00,-200,978,30,2.6,625,62,1420,65,1274,819,10.3,63.2,1.0100
3/13/2004,5:00:00,1,1100,27,2.9,646,53,1406,60,1268,835,10.1,61.3,0.9990
3/13/2004,6:00:00,1.2,1112,47,5.1,770,139,1228,77,1409,940,10.4,65.8,0.9933
3/13/2004,7:00:00,1.5,1336,132,11.8,1043,256,935,96,1678,1192,10.3,67.4,0.9886
3/13/2004,8:00:00,2.7,1408,239,15.1,1153,295,830,119,1777,1411,11.0,62.9,0.9796
3/13/2004,9:00:00,3.7,1447,160,12.9,1081,250,869,126,1667,1465,9.1,58.7,0.9488
3/13/2004,10:00:00,3.2,1542,283,16.1,1184,296,808,158,1780,1583,9.5,53.4,0.9631
3/13/2004,11:00:00,4.1,1451,210,14.0,1117,239,875,161,1679,1387,9.3,49.3,0.9408
3/13/2004,12:00:00,3.6,1328,154,12.3,1059,153,987,124,1600,1101,9.9,42.1,0.9399
3/13/2004,13:00:00,2.8,1207,112,8.6,924,118,1088,102,1488,850,7.6,36.9,0.9486
3/13/2004,14:00:00,2,1240,108,9.2,947,119,1049,116,1532,947,8.1,35.4,0.9684
3/13/2004,15:00:00,2,1306,111,10.2,987,138,1004,124,1554,1078,8.7,35.7,0.9837
3/13/2004,16:00:00,2.5,1326,97,10.6,1000,148,976,125,1602,1084,8.6,30.4,1.0092
3/13/2004,17:00:00,2.3,1473,191,15.5,1163,227,831,148,1779,1395,9.7,34.6,1.0098
3/13/2004,18:00:00,3.2,1609,258,19.6,1286,277,758,165,1922,1612,11.0,35.5,0.8897
3/13/2004,19:00:00,4.2,1611,284,19.2,1274,279,754,161,1915,1697,13.6,44.1,0.8325
3/13/2004,20:00:00,4.2,1621,269,18.3,1247,283,762,159,1860,1886,14.2,47.8,0.8575
3/13/2004,21:00:00,4.2,1444,180,13.1,1089,214,844,143,1748,1624,14.2,49.8,0.8675
3/13/2004,22:00:00,3.1,1418,116,10.9,1010,172,892,130,1603,1536,16.0,53.2,0.8496
3/13/2004,23:00:00,2.6,1534,93,11.0,1013,190,889,129,1611,1535,17.7,59.1,0.8273
3/14/2004,0:00:00,2.9,1484,131,11.9,1045,174,880,119,1624,1530,17.1,64.0,0.9681
3/14/2004,1:00:00,2.8,1367,92,8.6,925,128,953,104,1543,1337,14.9,66.8,1.0912
3/14/2004,2:00:00,2.5,1344,132,9.7,968,-200,921,-200,1620,1278,13.4,69.6,1.0772
3/14/2004,3:00:00,2.4,1130,56,5.2,773,70,1130,82,1452,1051,12.6,71.9,1.0587
3/14/2004,4:00:00,-200,1062,32,3.7,691,53,1272,70,1377,929,12.2,68.5,1.0648
3/14/2004,5:00:00,1.2,1076,29,2.5,618,44,1395,63,1333,872,10.6,74.8,1.0634
3/14/2004,6:00:00,1,1028,27,2.4,615,74,1384,67,1340,853,9.9,76.4,1.0635
3/14/2004,7:00:00,0.9,1155,36,4.2,722,101,1225,84,1414,959,9.6,75.3,1.0726
3/14/2004,8:00:00,1.4,1235,57,6.4,828,118,1055,83,1527,1093,9.7,71.0,1.0766
3/14/2004,9:00:00,1.6,1332,129,8.6,923,144,952,98,1614,1225,9.4,61.1,1.0594
3/14/2004,10:00:00,2.2,1445,148,10.9,1009,176,878,114,1696,1355,8.2,51.4,1.0393
3/14/2004,11:00:00,2.8,1416,145,10.7,1002,161,907,119,1677,1262,8.0,48.7,1.0264
3/14/2004,12:00:00,2.8,1281,93,7.5,880,113,1084,104,1525,980,7.7,46.7,1.0135
3/14/2004,13:00:00,2,1207,84,7.5,879,103,1104,102,1490,872,8.0,42.7,1.0181
3/14/2004,14:00:00,1.8,1258,99,8.2,906,112,1081,107,1511,900,8.5,62.5,1.0272
3/14/2004,15:00:00,1.9,1458,150,11.9,1045,170,974,129,1646,1099,9.8,75.7,1.0301
3/14/2004,16:00:00,3,1438,156,12.0,1051,180,943,128,1668,1206,11.2,77.4,1.0457
3/14/2004,17:00:00,2.9,1478,122,12.2,1055,160,929,121,1671,1262,14.8,74.9,1.0594
3/14/2004,18:00:00,2.5,1808,262,20.6,1312,261,753,157,1993,1698,16.8,76.0,1.0393
3/14/2004,19:00:00,4.6,1898,341,23.1,1381,325,681,173,2103,1905,19.2,76.3,1.0143
3/14/2004,20:00:00,5.9,1560,214,14.7,1140,217,784,146,1818,1648,19.1,78.0,1.0253
3/14/2004,21:00:00,3.4,1324,100,9.0,940,146,924,121,1587,1423,16.3,78.0,1.0850
3/14/2004,22:00:00,2.1,1349,79,8.8,933,152,933,119,1617,1349,14.2,79.4,1.0053
3/14/2004,23:00:00,2.2,1239,66,7.4,872,104,985,99,1547,1250,13.4,80.1,1.0336
3/15/2004,0:00:00,1.8,1239,73,6.9,853,106,1010,93,1543,1174,14.2,81.0,1.0208
3/15/2004,1:00:00,1.8,1224,66,7.0,855,108,998,88,1566,1149,12.1,80.6,1.0323
3/15/2004,2:00:00,1.8,1078,44,4.4,734,-200,1128,-200,1487,1021,10.4,81.8,1.0481
3/15/2004,3:00:00,1.1,1078,44,4.0,711,66,1150,71,1468,1013,10.0,81.2,1.0464
3/15/2004,4:00:00,-200,1075,39,3.9,703,88,1156,74,1464,1010,9.8,82.4,1.0501
3/15/2004,5:00:00,1,1157,51,6.4,830,138,1030,80,1584,1083,9.7,79.9,1.0717
3/15/2004,6:00:00,1.4,1314,107,9.7,966,228,897,89,1710,1235,9.9,80.0,1.0584
3/15/2004,7:00:00,2.2,1797,336,25.9,1451,360,652,114,2323,1680,9.4,79.9,1.0418
3/15/2004,8:00:00,5.5,1961,618,36.7,1701,478,537,149,2665,2184,8.6,79.6,0.9961
3/15/2004,9:00:00,8.1,1771,438,26.6,1470,394,622,157,2262,1973,8.1,80.8,0.9742
3/15/2004,10:00:00,5.8,1564,334,20.1,1300,319,710,155,2029,1798,7.9,78.1,0.9809
3/15/2004,11:00:00,4.2,1430,221,14.1,1120,201,831,134,1783,1522,7.4,74.9,0.9688
3/15/2004,12:00:00,3.1,1417,207,14.9,1146,171,830,119,1831,1404,8.2,61.0,0.9582
3/15/2004,13:00:00,2.9,1400,191,15.4,1162,159,838,111,1829,1263,6.3,50.1,0.9630
3/15/2004,14:00:00,2.9,1317,185,12.1,1053,153,926,104,1707,1137,7.2,47.1,0.9773
3/15/2004,15:00:00,2.5,1318,141,11.5,1033,143,950,99,1675,1068,7.2,46.6,1.0075
3/15/2004,16:00:00,2.3,1445,214,14.8,1141,156,857,110,1824,1252,11.1,44.4,1.0382
3/15/2004,17:00:00,2.8,1917,471,32.1,1601,314,631,162,2447,1843,15.5,45.7,1.0434
3/15/2004,18:00:00,6.1,2040,685,39.2,1754,404,542,187,2679,2122,17.8,49.9,1.0552
3/15/2004,19:00:00,8,1895,538,31.0,1573,320,565,165,2443,1992,17.6,53.2,1.0653
3/15/2004,20:00:00,6.5,1595,319,19.9,1294,256,678,145,2058,1707,19.1,56.0,1.0606
3/15/2004,21:00:00,4.2,1439,224,15.3,1159,193,764,125,1856,1494,17.7,52.8,1.0106
3/15/2004,22:00:00,3.2,1142,67,6.9,852,89,1008,101,1547,1164,17.8,51.1,1.0053
3/15/2004,23:00:00,1.4,1304,155,11.1,1019,127,852,103,1731,1272,18.7,50.8,1.0312
3/16/2004,0:00:00,2.1,1074,49,5.4,784,79,1098,88,1483,1040,17.1,54.8,1.0199
3/16/2004,1:00:00,1.2,968,29,2.8,640,43,1320,61,1386,867,15.8,57.2,1.0064
3/16/2004,2:00:00,0.8,929,25,2.3,608,-200,1376,-200,1364,826,14.7,56.2,1.0090
3/16/2004,3:00:00,0.7,941,25,2.6,626,59,1316,59,1373,840,13.6,60.2,1.0230
3/16/2004,4:00:00,-200,937,17,2.0,585,38,1412,52,1348,793,12.5,68.2,1.0363
3/16/2004,5:00:00,0.6,1017,27,3.5,681,82,1246,64,1418,870,11.8,69.6,1.0408
3/16/2004,6:00:00,0.9,1171,50,5.1,770,99,1162,70,1467,930,10.9,71.9,1.0224
3/16/2004,7:00:00,1.3,1541,218,16.2,1185,263,770,97,1889,1407,10.9,72.7,1.0059
3/16/2004,8:00:00,3.4,1539,285,19.7,1287,229,698,95,2055,1507,10.3,72.3,1.0041
3/16/2004,9:00:00,3.7,1735,437,25.1,1431,396,628,150,2211,1843,9.3,72.9,0.9883
3/16/2004,10:00:00,5.3,1571,327,20.0,1297,314,730,162,1973,1729,8.2,75.6,0.9711
3/16/2004,11:00:00,4.1,1452,283,18.3,1250,217,776,154,1868,1583,8.3,77.2,0.9594
3/16/2004,12:00:00,3.3,1579,366,22.3,1359,252,724,161,1998,1671,9.6,74.5,0.9538
3/16/2004,13:00:00,4,1466,318,20.4,1309,263,773,161,1897,1491,7.7,67.4,0.9576
3/16/2004,14:00:00,3.8,1280,228,14.6,1136,180,893,128,1675,1240,7.4,56.0,0.9734
3/16/2004,15:00:00,2.8,1407,201,16.6,1197,184,905,129,1759,1313,9.7,55.5,0.9407
3/16/2004,16:00:00,2.9,1389,199,15.8,1173,190,898,133,1739,1363,12.5,62.4,0.9370
3/16/2004,17:00:00,2.9,1447,237,17.8,1235,184,859,139,1778,1296,16.8,58.9,0.8939
3/16/2004,18:00:00,3.4,1551,261,19.1,1271,181,800,137,1875,1432,19.2,54.6,0.8229
3/16/2004,19:00:00,3.9,1474,230,15.8,1173,166,854,143,1776,1432,21.3,54.2,0.7813
3/16/2004,20:00:00,3.2,1800,349,24.9,1426,317,700,177,2106,2034,21.2,55.1,0.7829
3/16/2004,21:00:00,5.1,1379,183,13.5,1101,184,818,138,1710,1602,18.6,57.8,0.7883
3/16/2004,22:00:00,2.6,1201,88,9.1,943,130,935,117,1560,1362,18.0,60.4,0.8068
3/16/2004,23:00:00,1.7,1205,85,8.6,925,132,922,107,1547,1314,18.2,63.3,0.8428
3/17/2004,0:00:00,1.7,1072,47,5.4,784,95,1066,90,1442,1114,17.0,65.2,0.8746
3/17/2004,1:00:00,1.2,998,34,4.1,714,70,1169,79,1383,992,15.6,67.3,0.8947
3/17/2004,2:00:00,0.9,933,26,2.6,625,-200,1292,-200,1332,884,14.1,70.1,0.8768
3/17/2004,3:00:00,0.7,883,17,1.9,577,54,1396,60,1303,808,13.4,73.3,0.8653
3/17/2004,4:00:00,-200,869,11,1.6,554,28,1460,40,1268,667,12.3,78.3,0.8325
3/17/2004,5:00:00,0.5,891,18,1.9,576,46,1417,53,1289,733,11.9,78.2,0.8121
3/17/2004,6:00:00,0.5,1173,84,7.5,878,160,1038,84,1556,1052,11.5,70.1,0.7920
3/17/2004,7:00:00,1.6,1587,260,21.4,1334,320,702,108,1999,1534,10.6,70.9,0.7827
3/17/2004,8:00:00,4.1,1852,534,36.4,1696,377,553,127,2535,1931,10.7,64.2,0.7718
3/17/2004,9:00:00,6.6,1522,368,21.3,1331,280,703,134,2026,1734,10.4,57.9,0.8063
3/17/2004,10:00:00,4.3,1438,200,15.4,1161,221,819,135,1782,1595,10.1,48.0,0.8617
3/17/2004,11:00:00,2.9,1393,145,12.5,1067,210,905,142,1654,1490,11.3,43.3,0.9443
3/17/2004,12:00:00,2.5,1452,188,15.1,1152,204,861,153,1747,1508,10.1,45.5,0.9431
3/17/2004,13:00:00,2.8,1389,152,13.7,1108,161,887,123,1712,1334,9.9,46.7,0.8817
3/17/2004,14:00:00,2.6,1207,103,10.4,994,135,1013,104,1520,1045,8.1,58.2,0.9519
3/17/2004,15:00:00,2,1365,193,15.2,1154,186,940,129,1679,1221,10.9,75.6,0.9675
3/17/2004,16:00:00,2.9,1247,134,12.3,1060,147,1032,114,1525,1069,11.8,75.6,0.8294
3/17/2004,17:00:00,2.5,1557,386,27.0,1478,299,793,158,1981,1569,13.9,79.0,0.7922
3/17/2004,18:00:00,5,1973,577,38.4,1737,411,617,194,2414,2306,15.6,80.5,0.8679
3/17/2004,19:00:00,7.6,1975,523,35.1,1667,347,597,182,2416,2359,16.5,70.5,0.8433
3/17/2004,20:00:00,6.7,1795,472,27.2,1485,336,653,180,2174,2050,17.5,71.5,0.9953
3/17/2004,21:00:00,5.7,1444,206,15.0,1150,202,770,136,1727,1727,17.9,74.0,0.8819
3/17/2004,22:00:00,2.8,1488,216,15.7,1171,178,731,127,1778,1705,18.2,68.2,0.7598
3/17/2004,23:00:00,2.6,1371,159,13.0,1083,154,796,116,1669,1551,18.0,74.0,0.8089
3/18/2004,0:00:00,2.3,1161,70,8.1,904,92,947,107,1502,1240,17.0,77.5,0.9514
3/18/2004,1:00:00,1.4,1064,44,5.5,787,61,1057,88,1407,1115,16.1,77.7,0.9087
3/18/2004,2:00:00,1,970,42,3.6,687,-200,1196,-200,1351,969,14.5,80.2,0.8702
3/18/2004,3:00:00,0.7,954,28,2.9,645,60,1260,78,1334,925,13.2,79.7,0.8796
3/18/2004,4:00:00,-200,931,20,2.5,623,37,1293,57,1307,828,13.1,78.9,0.9088
3/18/2004,5:00:00,0.6,938,26,3.0,650,68,1251,71,1333,893,13.5,80.0,0.8799
3/18/2004,6:00:00,0.7,1166,78,7.7,885,139,1005,85,1551,1075,12.4,79.6,0.8825
3/18/2004,7:00:00,1.5,1643,319,23.3,1384,339,667,124,2094,1610,13.1,79.4,0.8672
3/18/2004,8:00:00,4.7,1934,506,35.8,1682,421,541,151,2468,2051,11.6,77.4,0.8437
3/18/2004,9:00:00,6.6,1617,-200,21.3,1333,349,686,150,2010,1819,10.5,69.2,0.8302
3/18/2004,10:00:00,4.5,1473,-200,14.3,1127,224,831,152,1752,1568,11.7,60.4,0.7798
3/18/2004,11:00:00,2.8,1379,-200,12.5,1068,171,899,139,1663,1374,12.2,56.3,0.7609
3/18/2004,12:00:00,2.2,1385,-200,12.2,1056,149,891,133,1648,1268,12.9,51.1,0.7627
3/18/2004,13:00:00,2.2,1379,-200,13.1,1087,137,901,126,1660,1144,11.3,37.5,0.7859
3/18/2004,14:00:00,2.3,1322,-200,14.4,1129,149,934,128,1639,1109,11.9,39.6,0.8090
3/18/2004,15:00:00,2.2,1496,-200,16.8,1205,172,822,169,1767,1347,13.3,37.2,0.7912
3/18/2004,16:00:00,2.8,1409,-200,14.5,1131,166,873,149,1689,1206,16.3,31.4,0.7566
3/18/2004,17:00:00,2.7,1513,-200,21.5,1338,214,764,156,1957,1397,17.9,26.9,0.6941
3/18/2004,18:00:00,3.7,1667,-200,26.4,1464,280,683,168,2118,1588,18.3,29.9,0.6323
3/18/2004,19:00:00,5.1,1667,-200,26.0,1453,276,684,176,2051,1569,20.8,39.5,0.5432
3/18/2004,20:00:00,5.1,1430,-200,14.1,1121,178,814,135,1732,1322,22.4,45.0,0.5931
3/18/2004,21:00:00,3.2,1333,-200,10.3,989,129,885,121,1621,1194,20.9,47.4,0.6264
3/18/2004,22:00:00,2.1,1262,-200,8.3,911,95,948,99,1545,1062,19.1,50.4,0.6203
3/18/2004,23:00:00,1.7,1287,-200,8.9,936,126,918,106,1606,1040,18.1,52.0,0.6357
3/19/2004,0:00:00,2,1134,-200,6.6,840,103,1021,96,1501,917,17.3,59.1,0.6737
3/19/2004,1:00:00,1.6,999,-200,3.6,688,48,1229,63,1380,594,15.8,56.7,0.7096
3/19/2004,2:00:00,0.9,961,-200,2.5,622,-200,1382,-200,1301,430,15.9,67.7,0.7194
3/19/2004,3:00:00,0.7,934,-200,1.8,569,20,1440,32,1280,397,15.9,61.7,0.7363
3/19/2004,4:00:00,-200,913,-200,1.3,525,18,1620,28,1260,370,15.0,71.0,-200
3/19/2004,5:00:00,0.5,969,-200,2.3,607,56,1373,61,1324,438,15.1,67.6,-200
3/19/2004,6:00:00,0.7,1182,-200,6.7,845,115,1054,99,1539,704,14.9,71.8,-200
3/19/2004,7:00:00,1.5,1740,-200,22.8,1372,320,671,157,2144,1476,14.8,70.9,-200
3/19/2004,8:00:00,4.8,1819,-200,31.3,1582,357,575,166,2456,1716,14.8,66.0,-200
3/19/2004,9:00:00,6.2,1427,-200,19.2,1275,253,701,149,1980,1398,14.8,58.2,-200
3/19/2004,10:00:00,4,1390,-200,16.4,1191,218,759,135,1879,1268,14.2,50.2,-200
3/19/2004,11:00:00,3.3,1283,-200,14.0,1117,192,813,127,1751,1188,14.5,36.9,-200
3/19/2004,12:00:00,2.8,1304,-200,15.3,1157,176,793,122,1801,1171,14.6,30.9,-200
3/19/2004,13:00:00,3,1364,-200,16.7,1202,198,771,135,1875,1250,14.4,26.7,-200
3/19/2004,14:00:00,3.3,1410,-200,19.0,1268,212,724,139,1957,1344,13.8,26.1,-200
3/19/2004,15:00:00,3.5,1476,-200,19.4,1280,249,708,147,1955,1378,13.2,24.8,-200
3/19/2004,16:00:00,4,1522,-200,20.9,1320,270,690,158,2005,1435,10.4,22.2,-200
3/19/2004,17:00:00,4.6,1442,-200,20.2,1301,231,704,146,1952,1372,11.5,20.5,-200
3/19/2004,18:00:00,4.1,1469,-200,21.7,1344,251,677,144,1997,1471,12.2,24.1,-200
3/19/2004,19:00:00,4.5,1467,-200,19.8,1292,210,698,138,1942,1439,12.3,28.9,-200
3/19/2004,20:00:00,3.9,1421,-200,16.7,1202,249,748,143,1854,1429,11.3,33.7,-200
3/19/2004,21:00:00,4,1175,-200,9.1,945,143,904,116,1604,1081,13.6,36.0,-200
3/19/2004,22:00:00,2.2,1215,-200,8.3,912,127,948,109,1547,993,14.9,39.5,-200
3/19/2004,23:00:00,2.1,1127,-200,5.8,802,104,1064,92,1447,837,15.7,42.1,-200
3/20/2004,0:00:00,1.7,1090,-200,5.2,773,86,1105,83,1429,761,15.2,45.8,-200
3/20/2004,1:00:00,1.6,1017,-200,4.1,718,74,1182,81,1382,650,15.5,50.8,-200
3/20/2004,2:00:00,1.3,997,-200,3.4,677,-200,1252,-200,1359,591,14.3,53.4,-200
3/20/2004,3:00:00,1.3,945,-200,2.9,646,44,1308,55,1332,505,13.2,53.5,-200
3/20/2004,4:00:00,-200,956,-200,3.1,661,42,1260,53,1351,518,12.6,59.2,0.9523
3/20/2004,5:00:00,0.8,966,-200,2.5,622,63,1317,67,1342,571,12.3,62.6,0.9336
3/20/2004,6:00:00,0.8,1064,-200,4.3,728,115,1161,91,1461,842,12.0,59.5,0.9503
3/20/2004,7:00:00,1.1,1300,-200,8.9,935,170,902,113,1623,1145,12.0,64.1,0.9390
3/20/2004,8:00:00,2.1,1348,-200,10.5,998,147,834,102,1689,1218,11.5,57.2,0.9128
3/20/2004,9:00:00,2.4,1425,-200,12.5,1068,166,776,107,1764,1341,10.7,53.2,0.9092
3/20/2004,10:00:00,2.6,1474,-200,12.3,1061,195,768,113,1768,1406,9.0,41.6,0.9129
3/20/2004,11:00:00,2.8,1490,-200,11.7,1039,182,782,108,1757,1422,10.2,30.6,0.9142
3/20/2004,12:00:00,2.6,1495,-200,11.7,1040,168,809,105,1735,1373,11.0,26.8,0.9279
3/20/2004,13:00:00,2.6,1376,-200,9.3,953,125,900,93,1636,1153,9.6,24.4,0.9206
3/20/2004,14:00:00,2.1,1305,-200,7.6,884,95,980,87,1573,927,9.5,23.9,0.8993
3/20/2004,15:00:00,1.7,1283,-200,6.7,844,79,1036,76,1539,766,11.9,21.0,0.8313
3/20/2004,16:00:00,1.6,1392,-200,9.7,967,119,930,94,1649,941,16.2,16.4,0.7862
3/20/2004,17:00:00,2.1,1452,-200,12.4,1063,142,856,110,1774,1146,19.2,16.2,0.7213
3/20/2004,18:00:00,2.3,1633,-200,16.6,1199,215,734,136,1919,1417,19.7,20.5,0.6137
3/20/2004,19:00:00,3.5,1625,-200,16.4,1191,229,733,139,1885,1442,20.6,24.3,0.5283
3/20/2004,20:00:00,3.9,1535,-200,13.7,1108,206,785,125,1820,1323,21.8,29.5,0.5722
3/20/2004,21:00:00,3.3,1323,-200,9.9,973,147,864,111,1712,1125,-200,34.8,0.5605
3/20/2004,22:00:00,2.3,1309,-200,8.9,937,122,905,97,1672,1036,-200,37.4,0.6040
3/20/2004,23:00:00,2.1,1456,-200,10.6,999,175,835,107,1714,1202,-200,38.8,0.6562
3/21/2004,0:00:00,2.8,1300,-200,7.4,872,133,941,90,1577,1054,23.6,43.7,0.6372
3/21/2004,1:00:00,2.1,1203,-200,6.2,823,89,1004,84,1526,903,22.8,47.9,0.6929
3/21/2004,2:00:00,1.6,1195,-200,6.5,836,-200,987,-200,1554,885,20.8,49.7,0.7577
3/21/2004,3:00:00,1.6,1117,-200,5.8,802,85,1029,87,1539,818,18.3,46.5,0.7916
3/21/2004,4:00:00,-200,1062,-200,4.0,711,55,1136,66,1461,700,16.8,53.0,0.7833
3/21/2004,5:00:00,1.1,947,-200,2.1,594,24,1300,36,1390,580,15.8,53.9,0.7469
3/21/2004,6:00:00,0.7,1065,-200,3.6,687,72,1143,62,1492,815,14.9,52.2,0.7418
3/21/2004,7:00:00,0.8,1155,-200,4.4,734,122,1062,91,1528,1035,14.1,55.4,0.7531
3/21/2004,8:00:00,1.2,1220,-200,5.4,782,111,996,89,1560,1067,13.3,58.0,0.7501
3/21/2004,9:00:00,1.4,1301,-200,7.1,862,123,914,93,1633,1114,13.3,53.3,0.7463
3/21/2004,10:00:00,1.7,1279,-200,7.3,870,106,911,81,1646,1000,11.8,42.1,0.7463
3/21/2004,11:00:00,1.8,1267,-200,7.6,883,103,953,82,1617,906,11.2,31.0,0.7346
3/21/2004,12:00:00,1.8,1239,-200,6.8,848,102,981,80,1568,822,11.3,25.7,0.7283
3/21/2004,13:00:00,1.9,1128,-200,4.6,742,48,1144,48,1507,610,11.4,20.6,0.7267
3/21/2004,14:00:00,1.3,1243,-200,8.4,916,63,962,61,1669,657,11.9,21.5,0.7116
3/21/2004,15:00:00,1.6,1208,-200,6.9,853,98,1060,89,1506,647,12.6,20.1,0.6990
3/21/2004,16:00:00,1.9,1306,-200,9.0,938,132,961,105,1607,762,13.6,19.4,0.6830
3/21/2004,17:00:00,2.3,1546,-200,15.1,1151,173,769,116,1874,1122,16.9,20.1,0.6224
3/21/2004,18:00:00,3.8,1501,-200,12.6,1071,185,823,119,1744,1130,19.4,26.8,0.5955
3/21/2004,19:00:00,3.5,1605,-200,15.1,1153,266,769,144,1840,1637,22.9,30.8,0.4993
3/21/2004,20:00:00,4.3,1316,-200,9.9,974,188,883,123,1673,1272,23.6,36.7,0.4969
3/21/2004,21:00:00,2.8,1195,-200,8.0,898,122,933,105,1594,1098,24.7,40.8,0.5788
3/21/2004,22:00:00,1.9,1211,-200,7.9,896,112,920,93,1624,1066,26.1,41.5,0.6162
3/21/2004,23:00:00,1.9,1161,-200,6.1,815,93,995,86,1582,909,27.6,44.9,0.6258
3/22/2004,0:00:00,1.7,1095,-200,5.1,767,74,1050,76,1547,818,26.9,47.7,0.6532
3/22/2004,1:00:00,1.5,897,-200,1.7,563,23,1417,33,1355,472,24.3,49.7,0.6575
3/22/2004,2:00:00,0.6,842,-200,0.7,468,-200,1813,-200,1274,394,21.2,57.4,0.6438
3/22/2004,3:00:00,0.4,854,-200,0.8,481,17,1756,27,1304,396,19.4,55.3,0.6428
3/22/2004,4:00:00,-200,845,-200,0.7,472,15,1786,23,1278,378,18.5,53.6,0.6163
3/22/2004,5:00:00,0.3,942,-200,2.0,586,41,1480,46,1373,432,17.8,49.8,0.5957
3/22/2004,6:00:00,0.6,1090,-200,5.1,768,86,1072,76,1538,699,16.8,57.7,0.5442
3/22/2004,7:00:00,1.2,1514,-200,17.7,1230,226,732,116,1996,1252,17.1,59.7,0.5605
3/22/2004,8:00:00,3.6,1379,-200,18.4,1252,214,711,115,1962,1237,16.2,56.8,0.5364
3/22/2004,9:00:00,3.7,1074,-200,6.9,854,115,1032,83,1484,772,15.1,51.9,0.4868
3/22/2004,10:00:00,1.8,1090,-200,7.3,868,124,1026,87,1509,766,15.1,45.0,0.5852
3/22/2004,11:00:00,1.6,1110,-200,9.6,964,122,947,90,1577,829,14.5,33.7,0.6871
3/22/2004,12:00:00,1.9,1102,-200,10.4,994,107,955,87,1599,783,13.7,29.5,0.7706
3/22/2004,13:00:00,2,1100,-200,11.2,1021,133,952,99,1607,822,13.9,32.4,0.8169
3/22/2004,14:00:00,2.2,1094,-200,10.7,1003,130,965,99,1574,813,13.3,32.1,0.8576
3/22/2004,15:00:00,2.1,1076,451,11.6,1034,150,964,101,1544,813,15.1,41.8,0.8860
3/22/2004,16:00:00,2.3,1152,185,12.4,1062,138,928,103,1606,850,17.0,36.0,0.9173
3/22/2004,17:00:00,2.6,1407,426,18.3,1249,213,720,129,1932,1276,19.7,31.8,0.8505
3/22/2004,18:00:00,3.8,1438,672,21.0,1325,232,678,143,1993,1401,20.7,31.6,0.8537
3/22/2004,19:00:00,4.4,1425,624,21.0,1325,238,678,146,1965,1356,23.3,38.1,0.8703
3/22/2004,20:00:00,4.5,1279,325,14.5,1131,180,775,124,1758,1243,23.8,39.7,0.8236
3/22/2004,21:00:00,3.3,1132,143,8.4,916,128,920,113,1561,1083,24.8,50.8,0.8581
3/22/2004,22:00:00,2,1006,89,4.3,729,65,1142,80,1370,795,25.0,73.5,0.8151
3/22/2004,23:00:00,1.1,982,73,3.8,700,53,1204,72,1359,735,25.8,79.7,0.7714
3/23/2004,0:00:00,0.9,969,48,2.7,636,47,1271,64,1309,684,25.1,76.9,0.7595
3/23/2004,1:00:00,0.8,941,47,2.5,621,51,1298,70,1330,714,23.7,66.8,0.7362
3/23/2004,2:00:00,0.7,892,36,1.2,522,-200,1522,-200,1285,456,22.1,64.1,0.7149
3/23/2004,3:00:00,0.5,855,25,0.8,478,20,1701,31,1261,401,19.9,58.7,0.7239
3/23/2004,4:00:00,-200,834,19,0.6,459,13,1908,22,1212,361,18.7,58.6,0.7352
3/23/2004,5:00:00,0.3,909,26,1.8,567,33,1542,47,1287,418,18.1,51.2,0.7459
3/23/2004,6:00:00,0.5,1061,60,4.6,745,103,1178,88,1429,616,17.5,50.9,0.7624
3/23/2004,7:00:00,1.1,1441,248,14.2,1124,224,851,130,1829,1089,16.7,49.3,0.7704
3/23/2004,8:00:00,3,1498,535,21.0,1325,244,684,132,2095,1329,15.9,48.6,0.8068
3/23/2004,9:00:00,3.8,1343,340,16.2,1185,237,760,132,1857,1311,15.2,45.9,0.7925
3/23/2004,10:00:00,3.4,1308,325,15.5,1166,220,792,131,1794,1236,14.7,43.9,0.8443
3/23/2004,11:00:00,3,1209,267,13.4,1097,207,837,129,1746,1147,14.3,38.6,0.8456
3/23/2004,12:00:00,2.7,1310,325,16.9,1207,208,770,132,1847,1301,13.7,35.0,0.8398
3/23/2004,13:00:00,3.5,1171,268,12.4,1064,160,881,110,1639,1097,12.9,33.9,0.8138
3/23/2004,14:00:00,2.8,1112,136,10.1,980,131,924,99,1589,900,13.7,30.7,0.7643
3/23/2004,15:00:00,1.9,1132,118,8.7,927,128,944,100,1570,781,15.3,27.2,0.7387
3/23/2004,16:00:00,2,1225,276,13.8,1111,176,818,122,1719,1013,18.1,25.7,0.7435
3/23/2004,17:00:00,3,1065,151,9.3,953,107,962,97,1514,790,21.5,24.1,0.7294
3/23/2004,18:00:00,1.9,1236,236,13.0,1084,131,854,112,1688,1059,23.3,24.9,0.7006
3/23/2004,19:00:00,2.7,1309,220,14.3,1126,166,812,128,1722,1205,25.1,27.8,0.6867
3/23/2004,20:00:00,3.3,1089,87,7.6,884,89,1006,101,1487,975,25.6,30.3,0.7241
3/23/2004,21:00:00,1.7,1000,81,5.3,776,81,1141,96,1375,896,25.8,34.0,0.7712
3/23/2004,22:00:00,1.3,1041,74,5.4,782,78,1105,86,1425,911,26.1,37.0,0.7783
3/23/2004,23:00:00,1.3,1045,55,4.9,756,70,1137,85,1411,902,24.4,39.5,0.8074
3/24/2004,0:00:00,1.2,997,74,4.6,744,76,1151,79,1405,832,23.0,42.0,0.7815
3/24/2004,1:00:00,1.1,948,35,2.7,634,43,1320,61,1326,715,22.1,44.9,0.7931
3/24/2004,2:00:00,0.9,878,29,1.6,551,-200,1493,-200,1272,683,19.8,45.5,0.8351
3/24/2004,3:00:00,0.6,908,29,1.7,559,44,1477,66,1287,721,18.5,45.3,0.8461
3/24/2004,4:00:00,-200,892,20,1.2,522,34,1572,54,1255,648,16.6,44.3,0.8510
3/24/2004,5:00:00,0.6,954,32,1.7,561,43,1496,57,1255,612,15.8,43.0,0.8303
3/24/2004,6:00:00,0.8,1045,84,4.8,751,79,1186,75,1403,800,15.3,43.9,0.8395
3/24/2004,7:00:00,1.2,1383,245,13.8,1109,174,832,97,1706,1173,14.7,43.8,0.8331
3/24/2004,8:00:00,3.1,1597,553,23.7,1395,235,652,110,2080,1519,14.8,43.6,0.8284
3/24/2004,9:00:00,4.4,1318,450,14.2,1124,218,762,113,1770,1287,15.0,41.7,0.8174
3/24/2004,10:00:00,3.4,1138,118,8.0,898,136,950,88,1505,966,15.5,38.4,0.8196
3/24/2004,11:00:00,1.7,1098,118,6.7,842,117,1012,85,1440,828,16.0,32.3,0.8225
3/24/2004,12:00:00,1.5,1118,144,8.7,927,119,959,96,1477,825,13.5,31.7,0.8307
3/24/2004,13:00:00,1.7,1170,159,10.8,1009,126,879,106,1566,872,12.9,30.9,0.8453
3/24/2004,14:00:00,2.2,1112,122,6.7,842,100,1015,91,1494,680,13.4,30.7,0.8328
3/24/2004,15:00:00,-200,1390,230,11.4,1028,197,829,126,1730,1002,14.5,32.5,0.7738
3/24/2004,16:00:00,2.7,1353,320,13.4,1096,195,774,130,1783,1159,15.3,31.6,0.7450
3/24/2004,17:00:00,2.8,1260,263,12.0,1050,156,828,111,1722,979,15.6,32.7,0.7185
3/24/2004,18:00:00,2.7,1501,556,20.2,1302,247,681,134,2008,1311,16.6,35.4,0.7538
3/24/2004,19:00:00,4.5,1273,458,14.4,1130,190,795,136,1744,1071,17.0,35.9,0.7231
3/24/2004,20:00:00,3.5,1179,214,9.4,955,169,928,125,1571,899,18.0,37.5,0.6856
3/24/2004,21:00:00,2.6,1047,97,5.9,809,118,1064,108,1435,766,19.5,38.8,0.7193
3/24/2004,22:00:00,1.7,973,79,4.5,739,81,1186,87,1354,589,21.6,38.8,0.7436
3/24/2004,23:00:00,1.3,997,81,4.5,737,80,1168,89,1341,631,22.2,40.8,0.7369
3/25/2004,0:00:00,1.3,970,52,2.5,621,42,1400,58,1249,479,20.3,41.4,0.7276
3/25/2004,1:00:00,1,902,38,1.8,568,38,1450,54,1253,479,19.7,43.0,0.7856
3/25/2004,2:00:00,0.7,921,35,1.4,538,-200,1564,-200,1224,417,18.8,42.5,0.8321
3/25/2004,3:00:00,0.7,858,29,0.9,490,18,1707,28,1212,378,17.9,43.4,0.8291
3/25/2004,4:00:00,0.5,878,21,0.6,457,12,1935,20,1158,344,17.5,45.8,0.8319
3/25/2004,5:00:00,0.5,893,46,1.4,540,43,1604,51,1268,413,17.4,49.9,0.8223
3/25/2004,6:00:00,0.6,1038,55,3.8,697,84,1260,82,1383,605,17.0,47.3,0.7996
3/25/2004,7:00:00,1.1,1320,271,11.6,1035,184,902,112,1721,991,16.6,53.1,0.7988
3/25/2004,8:00:00,2.7,1353,434,17.8,1235,202,740,119,1937,1175,15.9,48.5,0.7865
3/25/2004,9:00:00,3.5,1133,300,8.8,933,133,969,99,1552,923,15.0,40.3,0.7761
3/25/2004,10:00:00,2.3,1066,116,6.8,849,130,1039,98,1468,829,14.5,35.9,0.7722
3/25/2004,11:00:00,1.6,1027,95,5.9,809,106,1081,88,1442,733,14.1,29.1,0.7814
3/25/2004,12:00:00,1.3,1106,211,8.9,935,132,958,96,1570,819,14.6,25.3,0.7831
3/25/2004,13:00:00,2,1038,168,8.2,907,106,976,81,1492,723,14.4,22.0,0.7999
3/25/2004,14:00:00,1.9,1084,154,8.6,924,125,986,92,1501,786,15.3,20.4,0.8196
3/25/2004,15:00:00,1.9,1105,267,10.1,982,138,939,105,1545,850,16.2,24.2,0.8364
3/25/2004,16:00:00,2.2,1102,143,9.4,957,120,968,88,1527,820,18.4,23.8,0.8120
3/25/2004,17:00:00,2,1240,374,14.6,1137,158,836,103,1748,991,19.6,22.1,0.7758
3/25/2004,18:00:00,2.9,1443,797,24.6,1418,253,666,141,2060,1454,20.2,22.3,0.7824
3/25/2004,19:00:00,5.2,1389,698,21.6,1341,231,692,133,1982,1488,20.9,27.8,0.7826
3/25/2004,20:00:00,4.6,1183,234,10.3,989,150,904,119,1539,1205,20.4,30.2,0.7677
3/25/2004,21:00:00,2.5,1014,104,5.7,798,99,1083,106,1376,909,19.3,34.5,0.7807
3/25/2004,22:00:00,1.5,979,67,4.5,736,75,1154,92,1324,769,18.6,37.8,0.8017
3/25/2004,23:00:00,1.2,1048,88,5.5,787,93,1098,97,1373,835,18.8,40.6,0.9183
3/26/2004,0:00:00,1.7,1024,79,4.8,753,79,1131,91,1357,793,17.5,43.5,0.9392
3/26/2004,1:00:00,1.4,974,61,3.6,690,67,1208,83,1313,733,16.8,46.3,0.9446
3/26/2004,2:00:00,1.2,862,43,1.7,561,-200,1449,-200,1219,502,16.3,44.7,0.9723
3/26/2004,3:00:00,0.6,925,40,2.2,602,45,1398,59,1263,562,15.6,50.1,0.9928
3/26/2004,4:00:00,0.7,952,52,3.0,654,72,1210,73,1312,832,15.7,56.9,1.0130
3/26/2004,5:00:00,0.8,1005,64,4.0,713,103,1130,78,1363,924,15.8,56.2,1.0410
3/26/2004,6:00:00,0.9,1122,88,6.7,842,132,1015,90,1438,974,15.7,52.8,1.0688
3/26/2004,7:00:00,1.6,1351,375,16.7,1201,239,783,110,1828,1307,15.7,60.7,1.0632
3/26/2004,8:00:00,3.4,1408,592,19.3,1278,275,682,114,1928,1481,15.6,58.3,1.0155
3/26/2004,9:00:00,3.8,1304,357,14.8,1142,232,772,119,1747,1405,15.6,54.8,1.0380
3/26/2004,10:00:00,3.1,1207,296,13.4,1098,180,826,121,1664,1195,16.1,46.4,1.0415
3/26/2004,11:00:00,2.7,1099,181,11.0,1014,112,948,97,1503,868,15.7,33.8,1.0325
3/26/2004,12:00:00,2,1106,211,12.5,1068,116,915,99,1535,874,15.3,28.7,1.0428
3/26/2004,13:00:00,2.3,1009,199,8.4,916,103,1015,85,1391,738,14.2,28.2,0.9595
3/26/2004,14:00:00,1.9,962,81,5.3,776,89,1152,75,1279,550,14.3,26.9,0.8886
3/26/2004,15:00:00,1.3,1093,143,8.8,933,112,976,87,1454,777,15.0,26.5,0.9146
3/26/2004,16:00:00,1.9,1180,247,11.2,1023,127,886,102,1588,966,13.6,23.4,0.9324
3/26/2004,17:00:00,2.3,1168,239,11.6,1037,125,868,105,1580,990,16.1,26.0,0.9425
3/26/2004,18:00:00,2.4,1168,267,12.4,1063,120,876,98,1540,944,16.6,30.0,1.1092
3/26/2004,19:00:00,2.7,1140,261,10.6,1000,120,916,93,1490,962,17.4,37.3,1.2425
3/26/2004,20:00:00,2.6,1001,97,6.0,811,99,1097,91,1308,778,18.1,42.2,1.2654
3/26/2004,21:00:00,1.5,953,66,4.6,743,79,1185,85,1252,690,14.4,43.6,1.2391
3/26/2004,22:00:00,1.2,972,60,4.1,715,66,1237,74,1258,644,10.9,46.8,1.2573
3/26/2004,23:00:00,1.1,1021,77,5.2,776,94,1144,87,1307,753,16.4,49.8,1.2166
3/27/2004,0:00:00,1.5,940,57,3.2,664,70,1290,79,1232,646,18.0,56.2,1.2303
3/27/2004,1:00:00,1,1046,65,4.5,736,75,1142,78,1312,838,14.7,55.6,1.2229
3/27/2004,2:00:00,1.2,1026,59,3.8,699,-200,1191,-200,1292,851,11.3,59.5,1.2224
3/27/2004,3:00:00,1.1,983,48,3.8,698,57,1209,63,1296,801,10.0,60.1,1.2016
3/27/2004,4:00:00,-200,915,27,1.9,578,32,1417,48,1212,665,9.8,61.2,1.1915
3/27/2004,5:00:00,0.8,935,25,2.4,615,54,1373,59,1250,717,9.3,63.4,1.1819
3/27/2004,6:00:00,0.9,976,42,3.3,669,68,1270,65,1266,795,9.6,67.0,1.1838
3/27/2004,7:00:00,1.1,1124,78,6.7,842,98,1050,71,1418,936,9.3,66.5,1.1849
3/27/2004,8:00:00,1.5,1163,128,8.5,919,128,922,84,1530,1076,9.0,61.3,1.1848
3/27/2004,9:00:00,1.8,1167,184,9.7,966,129,942,93,1520,1016,8.2,56.5,1.1619
3/27/2004,10:00:00,2.1,1121,156,9.4,955,130,992,99,1451,834,7.6,47.8,1.1761
3/27/2004,11:00:00,2.1,1071,176,9.0,940,111,994,93,1449,756,8.3,30.2,1.1596
3/27/2004,12:00:00,1.9,1065,232,10.0,979,106,950,96,1467,766,8.1,25.0,1.1538
3/27/2004,13:00:00,2.1,1157,305,12.6,1072,137,888,114,1596,905,8.1,25.5,1.1863
3/27/2004,14:00:00,2.5,1046,150,7.6,883,113,1051,101,1357,765,8.1,29.9,1.1997
3/27/2004,15:00:00,1.9,1147,188,11.8,1042,122,934,108,1538,830,9.9,37.9,1.2348
3/27/2004,16:00:00,2.2,1119,221,11.2,1022,137,916,117,1508,853,13.0,44.0,1.1599
3/27/2004,17:00:00,2.3,1210,219,12.4,1062,165,886,125,1586,981,16.5,44.4,1.0769
3/27/2004,18:00:00,2.7,1306,306,12.9,1079,196,827,133,1621,1286,19.3,45.3,1.0445
3/27/2004,19:00:00,3,1258,270,12.2,1057,174,841,119,1633,1244,21.5,48.6,1.0298
3/27/2004,20:00:00,2.8,1148,231,8.8,930,140,948,107,1475,1056,20.4,50.8,1.0081
3/27/2004,21:00:00,2.2,1108,125,6.8,848,102,1023,96,1421,1003,20.6,57.6,1.0161
3/27/2004,22:00:00,1.6,1231,122,8.6,924,130,906,105,1483,1245,20.6,58.8,1.0135
3/27/2004,23:00:00,2.1,1293,161,8.9,937,121,930,102,1464,1200,21.0,61.0,1.0179
3/28/2004,0:00:00,2.3,1274,101,8.3,912,111,939,97,1451,1188,21.5,70.7,1.0151
3/28/2004,1:00:00,2.3,1135,95,6.3,827,87,1013,79,1395,1070,19.3,76.9,0.9860
3/28/2004,2:00:00,1.7,1151,129,8.3,911,-200,935,-200,1501,1075,18.0,78.6,0.9743
3/28/2004,3:00:00,2.2,1010,96,5.1,769,77,1110,69,1396,895,15.8,78.4,0.9751
3/28/2004,4:00:00,1.3,870,54,2.6,626,39,1325,52,1284,755,15.3,77.4,1.0455
3/28/2004,5:00:00,0.8,983,63,3.6,688,77,1251,62,1342,806,14.1,78.5,1.0492
3/28/2004,6:00:00,1.1,995,72,3.6,691,91,1219,69,1321,836,-200,74.7,1.0164
3/28/2004,7:00:00,1.4,1024,91,4.7,747,105,1136,75,1382,897,-200,73.1,1.0617
3/28/2004,8:00:00,1.3,1163,127,7.5,880,133,959,83,1486,1073,-200,68.2,1.1282
3/28/2004,9:00:00,1.9,1218,193,9.0,938,128,918,94,1501,1088,-200,57.6,1.1257
3/28/2004,10:00:00,2.3,1210,188,9.5,958,126,933,96,1514,1036,-200,65.0,1.1312
3/28/2004,11:00:00,2.3,1114,151,7.7,887,92,1020,86,1438,768,-200,73.2,1.1402
3/28/2004,12:00:00,1.8,995,103,5.7,796,66,1159,72,1287,587,-200,78.5,1.1632
3/28/2004,13:00:00,1.4,927,55,3.8,700,50,1285,53,1189,452,-200,72.4,1.1950
3/28/2004,14:00:00,1,1002,104,4.8,754,70,1189,65,1260,470,-200,60.9,1.2201
3/28/2004,15:00:00,1.4,987,116,4.3,727,73,1213,70,1244,502,-200,50.9,1.2695
3/28/2004,16:00:00,1.3,993,93,4.1,714,77,1217,75,1238,516,-200,45.8,1.2530
3/28/2004,17:00:00,1.3,1012,93,4.7,746,86,1174,86,1301,555,-200,60.8,1.1780
3/28/2004,18:00:00,1.4,1114,155,6.2,823,93,1068,94,1357,671,-200,54.3,1.0544
3/28/2004,19:00:00,1.9,1093,115,5.5,789,105,1102,103,1329,788,-200,54.4,1.0724
3/28/2004,20:00:00,1.8,968,75,3.3,669,67,1261,81,1246,538,-200,58.6,1.1423
3/28/2004,21:00:00,1.1,960,65,3.2,666,63,1266,80,1224,544,-200,61.1,1.1567
3/28/2004,22:00:00,1.1,942,57,2.9,648,63,1300,77,1204,500,-200,65.4,1.0800
3/28/2004,23:00:00,1.1,888,40,2.2,598,46,1396,58,1156,417,-200,66.1,1.0722
3/29/2004,0:00:00,0.9,818,27,1.3,524,21,1588,31,1071,341,-200,66.9,1.0621
3/29/2004,1:00:00,0.6,840,23,1.1,509,22,1643,38,1076,352,-200,66.8,1.0669
3/29/2004,2:00:00,0.5,894,28,1.3,524,-200,1557,-200,1095,397,-200,68.3,1.0744
3/29/2004,3:00:00,0.7,864,21,1.2,516,39,1496,59,1153,502,-200,70.2,1.1071
3/29/2004,4:00:00,0.6,898,33,1.7,559,55,1441,70,1180,648,-200,73.1,1.1045
3/29/2004,5:00:00,0.7,946,40,2.9,643,76,1309,75,1232,760,-200,69.9,1.1054
3/29/2004,6:00:00,0.9,1309,279,14.3,1125,181,844,103,1687,1183,12.0,67.1,1.1224
3/29/2004,7:00:00,2.9,1326,743,19.7,1289,259,714,134,1806,1431,12.0,66.9,1.1518
3/29/2004,8:00:00,4.1,966,147,5.5,786,118,1111,98,1258,705,11.5,66.5,1.1716
3/29/2004,9:00:00,1.5,975,97,5.6,793,119,1133,97,1254,637,11.4,62.0,1.1664
3/29/2004,10:00:00,1.5,988,118,5.8,803,123,1105,98,1293,658,11.1,54.6,1.1328
3/29/2004,11:00:00,1.5,971,91,5.5,786,92,1129,78,1272,546,10.8,46.1,1.1306
3/29/2004,12:00:00,1.4,1010,146,6.5,833,91,1070,83,1332,561,10.2,36.7,1.1123
3/29/2004,13:00:00,1.6,984,139,5.5,790,103,1131,92,1268,532,10.8,31.9,1.0826
3/29/2004,14:00:00,1.5,962,155,5.2,776,102,1131,81,1247,535,11.0,31.5,1.0323
3/29/2004,15:00:00,1.4,1012,128,5.8,801,94,1098,90,1289,525,12.4,34.8,0.9706
3/29/2004,16:00:00,1.5,1058,166,7.9,896,98,996,95,1358,603,15.0,30.3,0.9606
3/29/2004,17:00:00,1.9,1173,299,10.2,985,126,905,114,1477,802,16.6,33.5,0.9569
3/29/2004,18:00:00,2.5,1127,163,8.2,907,108,957,106,1404,796,18.0,37.2,1.0813
3/29/2004,19:00:00,2.1,1020,154,5.7,797,95,1066,99,1302,689,20.6,38.9,1.0662
3/29/2004,20:00:00,1.6,949,80,3.8,700,78,1221,90,1178,553,19.9,42.8,0.9974
3/29/2004,21:00:00,1.2,930,58,4.0,710,61,1278,82,1137,509,19.8,51.7,1.0016
3/29/2004,22:00:00,1.1,900,55,2.8,643,55,1339,74,1089,455,21.4,55.5,0.9853
3/29/2004,23:00:00,1,899,33,2.6,630,57,1418,76,1050,425,22.1,57.6,0.9389
3/30/2004,0:00:00,1,866,33,1.8,569,41,1468,66,1055,436,21.1,58.5,0.9197
3/30/2004,1:00:00,0.7,900,32,1.7,563,46,1402,73,1130,618,18.3,59.3,0.9009
3/30/2004,2:00:00,0.7,949,25,1.4,540,-200,1457,-200,1104,747,16.1,60.4,0.8806
3/30/2004,3:00:00,0.8,897,29,1.3,529,41,1462,69,1101,693,14.8,62.2,0.9176
3/30/2004,4:00:00,-200,956,26,2.3,605,52,1341,71,1117,691,13.2,67.6,0.9579
3/30/2004,5:00:00,0.7,1054,86,5.3,779,111,1080,98,1266,1013,12.3,65.8,0.9497
3/30/2004,6:00:00,1.1,1343,294,13.4,1096,191,839,115,1587,1311,11.8,65.2,0.9533
3/30/2004,7:00:00,2.6,1584,664,23.8,1399,244,642,130,1947,1675,11.2,70.2,0.9489
3/30/2004,8:00:00,4,1556,695,21.5,1337,283,674,150,1852,1689,11.0,66.2,0.9487
3/30/2004,9:00:00,4.2,1565,735,21.0,1324,320,695,159,1872,1688,9.3,61.6,0.9670
3/30/2004,10:00:00,4.7,1429,649,18.4,1251,249,734,146,1754,1548,8.8,56.4,0.9800
3/30/2004,11:00:00,3.9,1419,586,18.9,1267,219,742,138,1763,1490,7.8,44.7,0.9927
3/30/2004,12:00:00,3.7,1373,546,17.1,1213,200,791,128,1711,1354,7.7,36.4,1.0135
3/30/2004,13:00:00,3.4,1185,245,10.4,992,138,942,97,1448,1014,7.4,34.0,0.9906
3/30/2004,14:00:00,2.2,1122,178,8.0,897,118,991,91,1372,831,8.2,32.7,0.9936
3/30/2004,15:00:00,1.9,1085,130,6.2,820,99,1060,81,1325,699,8.7,31.7,1.0185
3/30/2004,16:00:00,1.6,1249,151,9.7,968,112,874,99,1527,926,13.0,34.3,1.0551
3/30/2004,17:00:00,2.1,1236,272,9.6,962,117,853,101,1532,928,17.4,28.1,1.0389
3/30/2004,18:00:00,2.2,1334,301,11.9,1047,129,815,106,1638,1038,20.2,32.3,1.0209
3/30/2004,19:00:00,2.7,1264,237,8.7,928,132,884,102,1534,1035,22.7,39.3,0.9683
3/30/2004,20:00:00,2.4,1073,95,4.7,746,73,1072,84,1360,789,22.3,47.5,0.9132
3/30/2004,21:00:00,1.3,1053,68,3.8,701,68,1147,81,1323,692,22.2,54.9,0.8845
3/30/2004,22:00:00,1.2,1098,101,4.7,747,80,1094,91,1360,764,22.0,52.1,0.9808
3/30/2004,23:00:00,1.5,1029,81,3.8,702,68,1180,82,1287,639,21.0,42.6,1.0679
3/31/2004,0:00:00,1.3,973,50,2.7,631,44,1287,64,1240,541,19.6,44.1,1.0364
3/31/2004,1:00:00,1,972,66,2.8,639,47,1222,70,1256,678,17.9,49.3,0.9657
3/31/2004,2:00:00,0.9,832,22,1.0,496,-200,1613,-200,1066,381,16.4,54.6,0.9545
3/31/2004,3:00:00,0.5,851,18,0.8,477,15,1699,26,1064,343,15.6,62.1,0.9375
3/31/2004,4:00:00,0.5,909,31,1.5,545,44,1473,58,1131,436,15.5,65.3,0.9520
3/31/2004,5:00:00,0.6,1038,57,3.5,684,85,1220,93,1279,688,14.5,61.4,0.9111
3/31/2004,6:00:00,1,1636,342,15.6,1168,207,721,110,1926,1438,14.2,64.3,0.9625
3/31/2004,7:00:00,3.1,1580,644,19.9,1295,230,639,115,1957,1489,13.7,65.8,0.9328
3/31/2004,8:00:00,4.1,1262,216,8.6,924,181,872,125,1576,1093,14.1,62.5,0.9249
3/31/2004,9:00:00,2.2,1197,117,6.5,837,144,957,118,1498,965,14.6,66.1,0.9038
3/31/2004,10:00:00,1.7,1277,156,7.7,886,140,902,109,1579,1004,14.4,68.9,0.8880
3/31/2004,11:00:00,1.9,1430,332,11.3,1025,204,779,123,1772,1166,13.9,45.0,0.8841
3/31/2004,12:00:00,2.9,1242,232,9.1,944,149,846,114,1638,991,13.5,30.7,0.9085
3/31/2004,13:00:00,2.2,1349,295,11.2,1023,171,804,114,1748,1054,13.9,25.2,0.9271
